{
    "status": "success",
    "forecast_horizon_days": 90,
    "predictions": [
        6036.4989699999915,
        7230.989700000002,
        6501.232266666663,
        6367.622866666667,
        3616.7630333333277,
        6572.22689999999,
        5297.813639999998,
        8338.159633333333,
        6809.790700000006,
        7949.865733333329,
        1523.453166666665,
        2277.235533333332,
        5102.853370000008,
        5807.117200000004,
        6519.320476666669,
        5853.188866666672,
        5509.214169999999,
        3725.2294366666742,
        4836.628170000004,
        5906.144103333336,
        5658.137100000006,
        6819.311733333338,
        3618.477800000005,
        6202.350366666659,
        5430.729766666669,
        6566.1803999999975,
        7783.973866666672,
        5708.177333333339,
        9312.48853333333,
        5592.695766666665,
        7740.135033333329,
        6161.96703333334,
        5174.8643,
        5017.859133333336,
        4193.652166666665,
        4224.425033333338,
        3048.2423,
        7601.508130000013,
        6652.376166666676,
        5586.443110000008,
        5801.549566666672,
        6738.928606666664,
        8134.891226666663,
        6327.197973333337,
        11485.205026666661,
        8613.470736666657,
        10304.635170000001,
        6983.603633333334,
        6895.988133333334,
        7565.255100000019,
        7621.2617233333485,
        10283.117933333337,
        7310.235166666674,
        17949.307700000034,
        11211.160513333347,
        10050.967666666667,
        9220.214546666666,
        9996.804536666663,
        12718.11746666664,
        9763.51277999999,
        19293.038596666654,
        12103.788119999985,
        11820.636703333303,
        9930.652823333325,
        8261.090436666658,
        8196.68693666667,
        6984.506800000005,
        11245.475903333356,
        9694.05936666668,
        13532.754103333313,
        13350.214470000017,
        5345.120470000005,
        9597.727593333344,
        3085.0446333333352,
        4880.425600000011,
        7309.090700000014,
        12542.848399999997,
        10956.93130333333,
        8088.1032333333405,
        10637.771716666659,
        8529.660770000017,
        9796.261333333334,
        10771.953083333343,
        9818.73157333334,
        12103.593703333336,
        10210.654916666637,
        13301.316656666655,
        10617.408196666654,
        12887.13597333332,
        10113.988059999987
    ],
    "executive_summary": "Over the next 90 days, projected revenue total is $719,857.44 with a daily average of $7,998.42 following an upward trajectory (+74.8%). Peak demand is expected on Day 61 at $19,293.04.",
    "metrics": {
        "total_projected_demand": 719857.44,
        "peak_day": 61
    }
}